Smokyish|https://github.com/Smokyish
john-light|https://github.com/john-light
luisivan|https://github.com/luisivan
izqui|https://github.com/izqui
sohkai|https://github.com/sohkai
monicazng|https://github.com/monicazng
GriffGreen|https://github.com/GriffGreen
mariapao|https://github.com/mariapao
bpierre|https://github.com/bpierre
LouisGrx|https://github.com/LouisGrx
onbjerg|https://github.com/onbjerg
antonyip|https://github.com/antonyip
lkngtn|https://github.com/lkngtn
gonzalaga|https://github.com/gonzalaga
lyricalpolymath|https://github.com/lyricalpolymath
bingen|https://github.com/bingen
alejodosr|https://github.com/alejodosr
cfl0ws|https://github.com/cfl0ws
jounih|https://github.com/jounih
pascalvanhecke|https://github.com/pascalvanhecke
42piratas|https://github.com/42piratas
shyblugs|https://github.com/shyblugs
nicklasmoeller|https://github.com/nicklasmoeller
marcuswin|https://github.com/marcuswin
loietaylor|https://github.com/loietaylor
geleeroyale|https://github.com/geleeroyale
stellarmagnet|https://github.com/stellarmagnet
Kyrrui|https://github.com/Kyrrui
FiberJW|https://github.com/FiberJW
schaer-unibas|https://github.com/schaer-unibas
assets-bot|https://github.com/assets-bot
Cryptocool1|https://github.com/Cryptocool1
zachzwei|https://github.com/zachzwei
vikmeup|https://github.com/vikmeup
optout21|https://github.com/optout21
cryptomanz1|https://github.com/cryptomanz1
kolya182|https://github.com/kolya182
Iamdeadlyz|https://github.com/Iamdeadlyz
unanoc|https://github.com/unanoc
hewigovens|https://github.com/hewigovens
ramsty|https://github.com/ramsty
Shyamthakur33|https://github.com/Shyamthakur33
erience|https://github.com/erience
soliditycdr|https://github.com/soliditycdr
lbk3530|https://github.com/lbk3530
bjt54|https://github.com/bjt54
vastselling|https://github.com/vastselling
EnoRage|https://github.com/EnoRage
0405degrees|https://github.com/0405degrees
kyongithub|https://github.com/kyongithub
indiaprivate|https://github.com/indiaprivate
chefcardano1|https://github.com/chefcardano1
StakingShop|https://github.com/StakingShop
calebsheridan|https://github.com/calebsheridan
PendelinP|https://github.com/PendelinP
chefcardano|https://github.com/chefcardano
ramsdieter|https://github.com/ramsdieter
sidko|https://github.com/sidko
nishant9167|https://github.com/nishant9167
tokyo786|https://github.com/tokyo786
Davidutro|https://github.com/Davidutro
ghettodev|https://github.com/ghettodev
marcuswin|https://github.com/marcuswin
KathleenChu|https://github.com/KathleenChu
lightnode|https://github.com/lightnode
dizzy|https://github.com/dizzy
iamchrissmith|https://github.com/iamchrissmith
zdumitru|https://github.com/zdumitru
john-light|https://github.com/john-light
richatghettodev|https://github.com/richatghettodev
thowar2|https://github.com/thowar2
wkampmann|https://github.com/wkampmann
michaelhly|https://github.com/michaelhly
ethview|https://github.com/ethview
reuptaken|https://github.com/reuptaken
lightnode|https://github.com/lightnode
lightnode|https://github.com/lightnode
rdig|https://github.com/rdig
ceolson01|https://github.com/ceolson01
ArmandoGraterol|https://github.com/ArmandoGraterol
alicjakujawa|https://github.com/alicjakujawa
chinins|https://github.com/chinins
JamesLefrere|https://github.com/JamesLefrere
karolinkas|https://github.com/karolinkas
chmanie|https://github.com/chmanie
thiagodelgado111|https://github.com/thiagodelgado111
sprusr|https://github.com/sprusr
coyotespike|https://github.com/coyotespike
greenkeeper[bot]|https://github.com/apps/greenkeeper
arrenv|https://github.com/arrenv
laurentsenta|https://github.com/laurentsenta
greenkeeperio-bot|https://github.com/greenkeeperio-bot
danbr|https://github.com/danbr
area|https://github.com/area
dit7ya|https://github.com/dit7ya
rhoffmann|https://github.com/rhoffmann
renovate-bot|https://github.com/renovate-bot
ryanchristo|https://github.com/ryanchristo
thycommodore|https://github.com/thycommodore
dependabot[bot]|https://github.com/apps/dependabot
lightnode|https://github.com/lightnode
JamesLefrere|https://github.com/JamesLefrere
ryanchristo|https://github.com/ryanchristo
gichiba|https://github.com/gichiba
greenkeeper[bot]|https://github.com/apps/greenkeeper
fallafeljan|https://github.com/fallafeljan
sprusr|https://github.com/sprusr
ceolson01|https://github.com/ceolson01
rdig|https://github.com/rdig
coyotespike|https://github.com/coyotespike
igorline|https://github.com/igorline
elenadimitrova|https://github.com/elenadimitrova
area|https://github.com/area
kronosapiens|https://github.com/kronosapiens
greenkeeper[bot]|https://github.com/apps/greenkeeper
thiagodelgado111|https://github.com/thiagodelgado111
gichiba|https://github.com/gichiba
JamesLefrere|https://github.com/JamesLefrere
ryanchristo|https://github.com/ryanchristo
KevinLiLu|https://github.com/KevinLiLu
cgewecke|https://github.com/cgewecke
sekl|https://github.com/sekl
greenkeeperio-bot|https://github.com/greenkeeperio-bot
ceolson01|https://github.com/ceolson01
fallafeljan|https://github.com/fallafeljan
laurentsenta|https://github.com/laurentsenta
jakzilla|https://github.com/jakzilla
igorline|https://github.com/igorline
wmitsuda|https://github.com/wmitsuda
sprusr|https://github.com/sprusr
lightnode|https://github.com/lightnode
YazzyYaz|https://github.com/YazzyYaz
0xfoobar|https://github.com/0xfoobar
lightnode|https://github.com/lightnode
lightnode|https://github.com/lightnode
manolingam|https://github.com/manolingam
dan13ram|https://github.com/dan13ram
lightnode|https://github.com/lightnode
lightnode|https://github.com/lightnode
Micropoor|https://github.com/Micropoor
SoftieTechCat|https://github.com/SoftieTechCat
T3nk0|https://github.com/T3nk0
AmitKochar1|https://github.com/AmitKochar1
Abhishekkochar|https://github.com/Abhishekkochar
Silver-IT|https://github.com/Silver-IT
0xachilles509|https://github.com/0xachilles509
dependabot[bot]|https://github.com/apps/dependabot
LightNodes|https://github.com/LightNodes
